Scenario,Cases,Prevented
PM2.5 Cap (8.0 ug/m3),1826464.5403765603,0.0
Equity Focus (-10% PM2.5 in High Poverty),1829682.8660858334,-3218.3257092731073
Aggressive PM2.5 (-20% All),1863537.1513590836,-37072.6109825233
Traffic Buffer (-20% NO2 <500m),1898415.182517406,-71950.64214084577
