,asthma_prev,pm25_mean,no2_mean,poverty_rate,dist_primary_road_meters,population_density
count,33900.0,33900.0,33900.0,33900.0,33900.0,33900.0
mean,10.152188790560473,8.770897795984826,0.01642562158527611,0.12003543258349718,1560.6348388289298,5982.393898514515
std,1.4589291347542648,1.6396903274972847,0.0018303030703923644,0.11295496648337397,1959.8335514198334,11086.80632619877
min,6.2,6.096369062422294,0.014127571428571817,0.0,0.1328424614201089,0.6549450267991619
25%,9.1,7.565911949685521,0.01449668483866251,0.043551491819056785,459.96448945552413,439.8922380577585
50%,10.1,8.573877840909072,0.016053027500308705,0.08333774577288292,963.1750285063433,1575.138559783479
75%,11.1,10.329750538959049,0.017133520551442707,0.15628157628831257,1867.1121635012637,5628.27449308879
max,17.2,12.303030303030308,0.02049664262621274,1.0,28074.946189213188,108861.50788756507
